新入生セミナー,2
情報処理,2
英語コミュニケーションⅠ,1
英語演習Ⅰ（基礎英語演習）,1
英語コミュニケーションⅡ,1
英語演習Ⅱ,1
英語ライティングⅠ,1
英語リーディングⅠ,1
英語演習Ⅲ,2
英語ライティングⅡ,2
英語リーディングⅡ,2
英語ディスカッション,2
英語インテンシブA,2
英語インテンシブB,2
アカデミックイングリッシュⅠ,2
アカデミックイングリッシュⅡ,2
アカデミックイングリッシュⅢ,2
ビジネスイングリッシュ,2
英語海外研修A,2
英語海外研修B,2
初修外国語入門Ⅰ,1
初修外国語入門Ⅱ,1
初修外国語Ⅰ,2
初修外国語Ⅱ,2
初修外国語Ⅲ,2
初修外国語Ⅳ,2
健康体育Ⅰ,1
健康体育Ⅱ,1
スポーツⅠ,1
スポーツⅡ,1
キャリアデザイン,1
