情報学総論,2
コンピュータ入門,2
コンピュータシステム演習,1
日本語表現法,2
コミュニケーションスキルズⅠ,1
コミュニケーションスキルズⅡ,1
コミュニケーションスキルズⅢ,1
リーディングスキルズⅠ,1
リーディングスキルズⅡ,1
リーディングスキルズⅢ,1
ライティングスキルズⅠ,1
ライティングスキルズⅡ,1
ライティングスキルズⅢ－１,1
ライティングスキルズⅢ－２,1
ライティングスキルズⅢ－３,1
プログラミング,3
学習マネジメント,2
情報倫理と法,2
情報学方法論,1
情報学特別講義Ⅰ,2
情報学特別講義Ⅱ,2
情報学特別講義Ⅲ,2
