教育の原理,2
発達と学習,2
教育と社会,2
教職入門Ⅰ,1
教職入門Ⅱ,1
教育課程の意義と方法,1
教育の方法及び技術,1
特別活動論,2
生徒指導,2
教育相談,2
情報科教育法Ⅰ,2
情報科教育法Ⅱ,2
教育実習事前・事後始動,1
教育実習,2
教職実践演習,2
博物館概論,2
生涯学習概論,2
博物館経営論,2
博物館資料論,2
博物館資料保存論,2
博物館展示論,2
博物館教育論,2
博物館情報・メディア論,2
