線形数学Ⅰ,2
線形数学Ⅱ,2
微分積分Ⅰ,2
微分積分Ⅱ,2
情報数学,2
離散数学,2
情報理論,2
数理理論,2
アルゴリズムとデータ構造I-CS,2
アルゴリズムとデータ構造Ⅱ,2
論理回路,2
プログラミング方法論,2
コンピュータ設計Ⅰ,2
コンピュータ設計Ⅱ,2
オートマトンと計算理論,2
コンピュータネットワーク,2
情報代数及び符号理論,2
データベースシステム論,2
ディジタル信号処理,2
情報科学実験Ⅰ,2
情報科学実験Ⅱ,2
情報科学実験Ⅲ,2
言語理論,2
機械語と計算機械,2
オペレーティングシステム,2
人工知能,2
ネットワークプログラミング,2
エレクトロニクス入門,2
統計学入門,2
認知科学,2
情報と心理,2
問題分析とモデリング,2
応用数学,2
創造的プログラミング,2
多変量データ解析,2
先端情報学実験Ⅰ-a,2
先端情報学実験Ⅰ-b,2
先端情報学実験Ⅱ-a,2
先端情報学実験Ⅱ-b,2
先端情報学実験Ⅲ-a,2
先端情報学実験Ⅲ-b,2
記号処理,2
意思決定論,2
パターン認識,2
システム要求分析設計,2
人間情報活用論,2
情報セキュリティ,2
インターンシップーA,2
インターンシップーB,1
プロジェクトマネジメント,2
情報科学演習,1
シミュレーション,2
ヒューマンインタフェース及び演習,2
機械学習,2
ソフトウェア品質管理,2
データマニング,2
社会モデル,2
組織マネジメント,2
